{
  "hash": "5111f12f",
  "configHash": "897afe7f",
  "lockfileHash": "1b8029ed",
  "browserHash": "e4285686",
  "optimized": {
    "@angular/common": {
      "src": "../../../../../../node_modules/@angular/common/fesm2022/common.mjs",
      "file": "@angular_common.js",
      "fileHash": "6421b24c",
      "needsInterop": false
    },
    "@angular/common/http": {
      "src": "../../../../../../node_modules/@angular/common/fesm2022/http.mjs",
      "file": "@angular_common_http.js",
      "fileHash": "5a128090",
      "needsInterop": false
    },
    "@angular/core": {
      "src": "../../../../../../node_modules/@angular/core/fesm2022/core.mjs",
      "file": "@angular_core.js",
      "fileHash": "fbb5dca9",
      "needsInterop": false
    },
    "@angular/forms": {
      "src": "../../../../../../node_modules/@angular/forms/fesm2022/forms.mjs",
      "file": "@angular_forms.js",
      "fileHash": "6185ec07",
      "needsInterop": false
    },
    "@angular/platform-browser": {
      "src": "../../../../../../node_modules/@angular/platform-browser/fesm2022/platform-browser.mjs",
      "file": "@angular_platform-browser.js",
      "fileHash": "ba5d731d",
      "needsInterop": false
    },
    "@angular/router": {
      "src": "../../../../../../node_modules/@angular/router/fesm2022/router.mjs",
      "file": "@angular_router.js",
      "fileHash": "16f1eaf9",
      "needsInterop": false
    },
    "jquery": {
      "src": "../../../../../../node_modules/jquery/dist/jquery.js",
      "file": "jquery.js",
      "fileHash": "1a90aeff",
      "needsInterop": true
    }
  },
  "chunks": {
    "chunk-5I626QU7": {
      "file": "chunk-5I626QU7.js"
    },
    "chunk-A4HG3L4H": {
      "file": "chunk-A4HG3L4H.js"
    },
    "chunk-KSMEMOXA": {
      "file": "chunk-KSMEMOXA.js"
    },
    "chunk-DMOSDCSW": {
      "file": "chunk-DMOSDCSW.js"
    },
    "chunk-3OV72XIM": {
      "file": "chunk-3OV72XIM.js"
    }
  }
}